<?xml version="1.0" encoding="UTF-8"?>
<project-private xmlns="http://www.netbeans.org/ns/project-private/1">
    <editor-bookmarks xmlns="http://www.netbeans.org/ns/editor-bookmarks/2" lastBookmarkId="0"/>
    <open-files xmlns="http://www.netbeans.org/ns/projectui-open-files/2">
        <group>
            <file>file:/C:/Users/HP/Documents/2023%20Segundo%20semestre/Electronica%20digital%202/Laboratorios/Lab4/I2C_MASTER.X/LCD.h</file>
            <file>file:/C:/Users/HP/Documents/2023%20Segundo%20semestre/Electronica%20digital%202/Laboratorios/Lab4/I2C_MASTER.X/I2CM.c</file>
            <file>file:/C:/Users/HP/Documents/2023%20Segundo%20semestre/Electronica%20digital%202/Laboratorios/Lab4/I2C_MASTER.X/I2CM.h</file>
            <file>file:/C:/Users/HP/Documents/2023%20Segundo%20semestre/Electronica%20digital%202/Laboratorios/Lab4/I2C_MASTER.X/LCD.c</file>
            <file>file:/C:/Users/HP/Documents/2023%20Segundo%20semestre/Electronica%20digital%202/Laboratorios/Lab4/I2C_MASTER.X/MAIN_M.c</file>
        </group>
    </open-files>
</project-private>
